Workbook

Sheet INQUIRY
G1: PROYECTO | H1: sin_nombre_asignado | BF1: MACHE | BG1: CRIS | BH1: GONZALO | BI1: VICTOR | BJ1: ALE | BK1: DIANA
W2: PLEASE FILL | BF2: LOGO 1 COLOR 1 POSITION | BG2: LOGO 1 COLOR 2 POSITION | BH2: LOGO 1 COLOR 3 POSITIONS | BI2: LOGO FULL COLOR 1 POSITION | BJ2: LOGO FULL COLOR 2 POSITION | BK2: LOGO FULL COLOR 3 POSITION | BL2: FULL PRINTING | BM2: EMBROIDERY | BN2: LASER | BO2: BURN | BP2: EMBOSSED | BQ2: OTHER | BR2: NO LOGO
W3: PACKING INFORMATION | BF3: EXW | BG3: FOB Shanghai | BH3: FOB Shenzhen | BI3: FOB Ningbo-Zhoushan | BJ3: FOB Hong Kong | BK3: FOB Guangzhou | BL3: FOB Qingdao | BM3: FOB Tianjin | BN3: FOB Dalian | BO3: FOB Xiamen | BP3: FOB Yingkou | BQ3: FOB Taizhou | BR3: FOB Yantian
C4: PLEASE FILL | D4: PLEASE FILL | E4: PLEASE FILL | F4: PLEASE FILL | G4: FILL BY GBP | H4: FILL BY GBP | I4: PLEASE FILL | J4: PLEASE FILL | K4: PLEASE FILL | L4: PLEASE FILL | M4: PLEASE FILL | N4: PLEASE FILL | O4: PLEASE FILL | P4: PLEASE FILL | Q4: PLEASE FILL | R4: PLEASE FILL | S4: PLEASE FILL | T4: PLEASE FILL | U4: FILL BY GBP | V4: PLEASE FILL | X4: CARTON SIZES (CM) | AC4: CBM PER BOX | AD4: TOTAL BOXES | AE4: TOTAL CBM | AF4: TOTAL WEIGHT | AG4: VOL. WEIGHT | AM4: CODIGO SIN CORRELATIVO | AN4: cantidades iguales de mismo articulo | AO4: CODE NUMBER. (Fill by GBP) | BF4: ABANICO | BG4: ABRIDOR | BH4: ACCESORIOS | BI4: ALARMA | BJ4: ALMOHADON | BK4: ALTAVOZ | BL4: AMPLIFICADOR DE TELÉFONO | BM4: ARTÍCULOS DE OFICINA | BN4: AUDÍFONOS CON CAJA PLÁSTICA | BO4: AURICULARES | BP4: AZUCARERA | BQ4: BANDEJA ANTIADHERENTE | BR4: BALDE 5L | BS4: BANNER | BT4: BASE CARGADORA | BU4: BATERIAS | BV4: BANDANA | BW4: BANDEROLA | BX4: BOLÍGRAFO CÁPSULA | BY4: BLOC DE NOTAS ADHESIVAS | BZ4: BOLIGRAFO CON LASER | CA4: BACKPACK PARA LAPTOP | CB4: BANDEJA METALICA | CC4: BARMAT | CD4: BANDEJA PLASTICA | CE4: BOLSO | CF4: BOTELLA PLASTICA | CG4: BOWL | CH4: BAR RAIL | CI4: BROCHA | CJ4: BOLSA | CK4: BUSCADOR DE LLAVES | CL4: CABLE USB | CM4: BAR CADDY | CN4: CAJA CARTON | CO4: CAMISA | CP4: CAPOTA | CQ4: CARRIZO | CR4: CUBETA | CS4: CINTA CEFALICA | CT4: CENEFA | CU4: CHALECO | CV4: CLAPPERS LED | CW4: CUCHARA MEDIDORA | CX4: COMPUTADORA | CY4: COMEDERO | CZ4: CINTA MÉTRICA INTELIGENTE | DA4: CARTEL DE NEON | DB4: COASTER | DC4: COCKTAIL SET | DD4: COLLAR | DE4: CARRY ON | DF4: COOLER BAG | DG4: COPA | DH4: COVER | DI4: CARPA | DJ4: CARRITO | DK4: CARTUCHERA | DL4: CARTEL | DM4: CUBIERTOS | DN4: CUCHARA | DO4: DELANTAL | DP4: DESTAPADOR | DQ4: DOMINO | DR4: DRAWSTRING BAG | DS4: DISFRAZ INFLABLE | DT4: DISPLAY SAMSUNG | DU4: ESTUCHE | DV4: FLOWER POT | DW4: FOAMBOARD | DX4: FRISBEE | DY4: FUENTE GATO | DZ4: SET DE GEOMETRIA | EA4: GLOBO DE LATEX | EB4: GLORIFICADOR | EC4: GORRA MEDICA | ED4: GORRA | EE4: GUANTE | EF4: HERMETICO | EG4: MOLDE HIELO SILICONA | EH4: HIELERA | EI4: HOODIE | EJ4: HOLOGRAMA | EK4: JACKET | EL4: JARRA | EM4: JIGGER | EN4: JUEGO PARA GATO | EO4: JUGUETE | EP4: LANYARD | EQ4: LAPICERO | ER4: LAZO DE REGALO | ES4: LONCHERA | ET4: LENTES | EU4: LETRERO NEON | EV4: LIBRETA | EW4: SET LIMPIEZA | EX4: LINTERNA | EY4: LLAVERO | EZ4: LONA | FA4: LIMPIA PATAS | FB4: MANTA | FC4: MEDIAS | FD4: KIT MIXOLOGIA | FE4: MASON JAR | FF4: MINI LÁMPARA USB | FG4: MOSCOW MULE | FH4: MOBILIARIO | FI4: MOCHILA | FJ4: MONITOR | FK4: ANTI-SLIP MUG | FL4: NOTEBOOK | FM4: PAÑOLETA | FN4: PARAGUAS | FO4: PAPEL DE CAMILLA | FP4: PELOTA | FQ4: PORTA GAFETE | FR4: PHONE HOLDER | FS4: PIN | FT4: PIZARRA MAGNETICA | FU4: PLATO | FV4: PELUCHE | FW4: MEDIA PLAYER | FX4: PLACA METALICA | FY4: PANTALLA | FZ4: POP SOCKET | GA4: POSAVASOS | GB4: POURER | GC4: POWER BANK | GD4: PELOTA ANTI ESTRES | GE4: PORTA TARJETA CON SOPORTE CELULAR | GF4: PULSERA CON LUZ LED | GG4: RECIPIENTE | GH4: T SHIRT | GI4: ROTULO | GJ4: SANDWICHERA | GK4: SOMBRERO | GL4: SILLA PLAYERA CON COOLER | GM4: SELLO | GN4: SERVILLETERO | GO4: SHAKER | GP4: SILLA DE PLAYA | GQ4: SIPPY CUP | GR4: SODA CAN | GS4: SOMBRILLA | GT4: SOPORTE DE CELULAR | GU4: SPEAKER PORTÁTIL | GV4: LEMON SQUIZZER | GW4: STICKERS | GX4: STIRRER | GY4: SWEATER | GZ4: SUJETADOR CABLE | HA4: TABLERO NEON | HB4: TACHO | HC4: TAZA | HD4: TAZA CON CUCHARA | HE4: TERMO | HF4: TABLA PARA HOJA | HG4: TOALLA | HH4: TOTE BAG | HI4: TUMBLER | HJ4: UNTADOR | HK4: VASO ACRILICO | HL4: SET DE VAJILLA | HM4: MINI ECO VAP | HN4: VASO | HO4: VASO BIODEGRADABLE | HP4: VASO CON CARRIZO | HQ4: VASO CERAMICA | HR4: VASO ILUMINADO | HS4: YOGA MAT | HT4: YOYO | HU4: PORTA QUESOS | HV4: CUCHARON | HW4: TABLA PARA QUESOS | HX4: BOLA DE NAVIDAD | HY4: ESTRELLA DE NAVIDAD | HZ4: ARBOL DE NAVIDAD | NT4: xxx
A5: # ITEM | B5: PM | C5: COMPANY NAME | D5: SALES CONTACT | E5: WECHAT | F5: EMAIL | G5: PRODUCT DESCRIPTION | H5: REFERENCE PICTURE | I5: PRODUCT REAL DESCRIPTION | J5: PRODUCT REAL PICTURES | K5: MATERIAL | L5: SIZES OR CAPACITY | M5: CERTIFICATE. (CHECK LIST) | N5: OTHER CERTIFICATE | O5: LOGO DETAILS (CHECK LIST) | P5: OTHER LOGO | Q5: SET UP CHARGE | R5: SAMPLE TIME | S5: PRODUCTION TIME | T5: INCOTERM (PLEASE SELECT FROM CHECK LIST) | U5: QUANTITY | V5: PRICE | W5: PCS PER BOX | X5: L | Y5: H | Z5: W | AA5: GW KG | AH5: PRODUCTO | AI5: ORIGEN | AJ5: COD PRODUCTO | AK5: COD PAIS | AL5: COD RESP | AP5: CODIGO SIN TESTEO | AQ5: CHECK CODIGO REPETIDO MISMO ARTICULO | AT5: IMAGEN 1 | AU5: IMAGEN 2 | AV5: IMAGEN 3 | AW5: IMAGEN 4 | AX5: IMAGEN 5 | AY5: IMAGEN 6 | AZ5: IMAGEN 7 | BA5: IMAGEN 8 | BB5: IMAGEN 9 | BC5: IMAGEN 10 | BF5: ARGENTINA | BG5: BAHAMAS | BH5: BRASIL | BI5: CHILE | BJ5: CHINA | BK5: COLOMBIA | BL5: COSTA RICA | BM5: EL SALVADOR | BN5: ESPAÑA | BO5: ESTADOS UNIDOS | BP5: GUATEMALA | BQ5: GUYANA | BR5: HONDURAS | BS5: JAMAICA | BT5: MEXICO | BU5: NICARAGUA | BV5: PANAMA | BW5: PUERTO RICO | BX5: R. DOMINICANA | BY5: TRINIDAD Y TOBAGO | BZ5: URUGUAY | CA5: VENEZUELA | CT5: xxx | CV5: SGS | CW5: FDA | CX5: SEDEX | CY5: BSCI | CZ5: OTHER | DA5: NO
C6: WENZHOU RUMEI ELECTRIC APPLIANCES CO.,LTD. | D6: Jimmy Jin | E6: +86 13868540197 | F6: sales01@cnrumei.com | I6: Portable Usb Juicer Blender, Model No. W510, Material: ABS, Color: Blue/Green/Pink/Purple, Power Source: USB, MOQ: 10000 pcs | K6: ABS | L6: Bottle capacity: 380 ml | M6: CE certificate could be provided after order | N6: NF | O6: Logo: 1 c 1 position | P6: NF | Q6: NF | R6: 7-15 | S6: 15-25 | T6: FOB Ningbo | U6: 10000 | V6: 1.68 | W6: 30 | X6: 8 | Y6: 8 | Z6: 23 | AA6: 13 | AC6: =(+X6*Y6*Z6)/1000000 -> 0 | AD6: =U6/W6 -> #DIV/0! | AE6: =+AC6*AD6 -> #DIV/0! | AF6: =+AA6*AD6 -> #DIV/0! | AG6: =+(AC6*1000000)/5000 -> 0 | AJ6: =VLOOKUP(AH6,'CODART PRODUCTO'!B:C,2,0) -> #N/A | AK6: =VLOOKUP(AI6,'CODART ORIGEN'!B:C,2,0) -> #N/A | AL6: =VLOOKUP(B6,'CODART RESPONSABLE'!B:C,2,0) -> #N/A | AM6: =IF(ISERROR(UPPER(CONCATENATE($H$1,"-",AJ6,"-",AK6,"-",AL6))),"",UPPER(CONCATENATE($H$1,"-",AJ6,"-",AK6,"-",AL6))) | AN6: =IF(AND(U6=U7,AQ6=AQ7),"VERIFICAR CANTIDADES COTIZADAS") -> VERIFICAR CANTIDADES COTIZADAS | AO6: =IF(OR(ISERROR(AP6),AQ6<>0,ISERROR(AQ6)),AQ6,AP6) | AP6: =IF(ISERROR(UPPER(CONCATENATE($H$1,"-",AJ6,"-",AK6,"-",AL6,A6))),"",UPPER(CONCATENATE($H$1,"-",AJ6,"-",AK6,"-",AL6,A6))) | AV6: NF | AW6: NF | AX6: NF | AY6: NF | AZ6: NF | BA6: NF | BB6: NF | BC6: NF
AC7: =(+X7*Y7*Z7)/1000000 -> 0 | AD7: =U7/W7 -> #DIV/0! | AE7: =+AC7*AD7 -> #DIV/0! | AF7: =+AA7*AD7 -> #DIV/0! | AG7: =+(AC7*1000000)/5000 -> 0 | AJ7: =VLOOKUP(AH7,'CODART PRODUCTO'!B:C,2,0) -> #N/A | AK7: =VLOOKUP(AI7,'CODART ORIGEN'!B:C,2,0) -> #N/A | AL7: =VLOOKUP(B7,'CODART RESPONSABLE'!B:C,2,0) -> #N/A | AM7: =IF(ISERROR(UPPER(CONCATENATE($H$1,"-",AJ7,"-",AK7,"-",AL7))),"",UPPER(CONCATENATE($H$1,"-",AJ7,"-",AK7,"-",AL7))) | AN7: =IF(AND(U7=U8,AQ7=AQ8),"VERIFICAR CANTIDADES COTIZADAS") -> VERIFICAR CANTIDADES COTIZADAS | AO7: =IF(OR(ISERROR(AP7),AQ7<>0,ISERROR(AQ7)),AQ7,AP7) | AP7: =IF(ISERROR(UPPER(CONCATENATE($H$1,"-",AJ7,"-",AK7,"-",AL7,A7))),"",UPPER(CONCATENATE($H$1,"-",AJ7,"-",AK7,"-",AL7,A7)))
AC8: =(+X8*Y8*Z8)/1000000 -> 0 | AD8: =U8/W8 -> #DIV/0! | AE8: =+AC8*AD8 -> #DIV/0! | AF8: =+AA8*AD8 -> #DIV/0! | AG8: =+(AC8*1000000)/5000 -> 0 | AJ8: =VLOOKUP(AH8,'CODART PRODUCTO'!B:C,2,0) -> #N/A | AK8: =VLOOKUP(AI8,'CODART ORIGEN'!B:C,2,0) -> #N/A | AL8: =VLOOKUP(B8,'CODART RESPONSABLE'!B:C,2,0) -> #N/A | AM8: =IF(ISERROR(UPPER(CONCATENATE($H$1,"-",AJ8,"-",AK8,"-",AL8))),"",UPPER(CONCATENATE($H$1,"-",AJ8,"-",AK8,"-",AL8))) | AN8: =IF(AND(U8=U9,AQ8=AQ9),"VERIFICAR CANTIDADES COTIZADAS") -> VERIFICAR CANTIDADES COTIZADAS | AO8: =IF(OR(ISERROR(AP8),AQ8<>0,ISERROR(AQ8)),AQ8,AP8) | AP8: =IF(ISERROR(UPPER(CONCATENATE($H$1,"-",AJ8,"-",AK8,"-",AL8,A8))),"",UPPER(CONCATENATE($H$1,"-",AJ8,"-",AK8,"-",AL8,A8)))
AC9: =(+X9*Y9*Z9)/1000000 -> 0 | AD9: =U9/W9 -> #DIV/0! | AE9: =+AC9*AD9 -> #DIV/0! | AF9: =+AA9*AD9 -> #DIV/0! | AG9: =+(AC9*1000000)/5000 -> 0 | AJ9: =VLOOKUP(AH9,'CODART PRODUCTO'!B:C,2,0) -> #N/A | AK9: =VLOOKUP(AI9,'CODART ORIGEN'!B:C,2,0) -> #N/A | AL9: =VLOOKUP(B9,'CODART RESPONSABLE'!B:C,2,0) -> #N/A | AM9: =IF(ISERROR(UPPER(CONCATENATE($H$1,"-",AJ9,"-",AK9,"-",AL9))),"",UPPER(CONCATENATE($H$1,"-",AJ9,"-",AK9,"-",AL9))) | AN9: =IF(AND(U9=U10,AQ9=AQ10),"VERIFICAR CANTIDADES COTIZADAS") -> VERIFICAR CANTIDADES COTIZADAS | AO9: =IF(OR(ISERROR(AP9),AQ9<>0,ISERROR(AQ9)),AQ9,AP9) | AP9: =IF(ISERROR(UPPER(CONCATENATE($H$1,"-",AJ9,"-",AK9,"-",AL9,A9))),"",UPPER(CONCATENATE($H$1,"-",AJ9,"-",AK9,"-",AL9,A9)))
AC10: =(+X10*Y10*Z10)/1000000 -> 0 | AD10: =U10/W10 -> #DIV/0! | AE10: =+AC10*AD10 -> #DIV/0! | AF10: =+AA10*AD10 -> #DIV/0! | AG10: =+(AC10*1000000)/5000 -> 0 | AJ10: =VLOOKUP(AH10,'CODART PRODUCTO'!B:C,2,0) -> #N/A | AK10: =VLOOKUP(AI10,'CODART ORIGEN'!B:C,2,0) -> #N/A | AL10: =VLOOKUP(B10,'CODART RESPONSABLE'!B:C,2,0) -> #N/A | AM10: =IF(ISERROR(UPPER(CONCATENATE($H$1,"-",AJ10,"-",AK10,"-",AL10))),"",UPPER(CONCATENATE($H$1,"-",AJ10,"-",AK10,"-",AL10))) | AN10: =IF(AND(U10=U11,AQ10=AQ11),"VERIFICAR CANTIDADES COTIZADAS") -> VERIFICAR CANTIDADES COTIZADAS | AO10: =IF(OR(ISERROR(AP10),AQ10<>0,ISERROR(AQ10)),AQ10,AP10) | AP10: =IF(ISERROR(UPPER(CONCATENATE($H$1,"-",AJ10,"-",AK10,"-",AL10,A10))),"",UPPER(CONCATENATE($H$1,"-",AJ10,"-",AK10,"-",AL10,A10)))
AC11: =(+X11*Y11*Z11)/1000000 -> 0 | AD11: =U11/W11 -> #DIV/0! | AE11: =+AC11*AD11 -> #DIV/0! | AF11: =+AA11*AD11 -> #DIV/0! | AG11: =+(AC11*1000000)/5000 -> 0 | AJ11: =VLOOKUP(AH11,'CODART PRODUCTO'!B:C,2,0) -> #N/A | AK11: =VLOOKUP(AI11,'CODART ORIGEN'!B:C,2,0) -> #N/A | AL11: =VLOOKUP(B11,'CODART RESPONSABLE'!B:C,2,0) -> #N/A | AM11: =IF(ISERROR(UPPER(CONCATENATE($H$1,"-",AJ11,"-",AK11,"-",AL11))),"",UPPER(CONCATENATE($H$1,"-",AJ11,"-",AK11,"-",AL11))) | AN11: =IF(AND(U11=U12,AQ11=AQ12),"VERIFICAR CANTIDADES COTIZADAS") -> VERIFICAR CANTIDADES COTIZADAS | AO11: =IF(OR(ISERROR(AP11),AQ11<>0,ISERROR(AQ11)),AQ11,AP11) | AP11: =IF(ISERROR(UPPER(CONCATENATE($H$1,"-",AJ11,"-",AK11,"-",AL11,A11))),"",UPPER(CONCATENATE($H$1,"-",AJ11,"-",AK11,"-",AL11,A11)))
AC12: =(+X12*Y12*Z12)/1000000 -> 0 | AD12: =U12/W12 -> #DIV/0! | AE12: =+AC12*AD12 -> #DIV/0! | AF12: =+AA12*AD12 -> #DIV/0! | AG12: =+(AC12*1000000)/5000 -> 0 | AJ12: =VLOOKUP(AH12,'CODART PRODUCTO'!B:C,2,0) -> #N/A | AK12: =VLOOKUP(AI12,'CODART ORIGEN'!B:C,2,0) -> #N/A | AL12: =VLOOKUP(B12,'CODART RESPONSABLE'!B:C,2,0) -> #N/A | AM12: =IF(ISERROR(UPPER(CONCATENATE($H$1,"-",AJ12,"-",AK12,"-",AL12))),"",UPPER(CONCATENATE($H$1,"-",AJ12,"-",AK12,"-",AL12))) | AN12: =IF(AND(U12=U13,AQ12=AQ13),"VERIFICAR CANTIDADES COTIZADAS") -> VERIFICAR CANTIDADES COTIZADAS | AO12: =IF(OR(ISERROR(AP12),AQ12<>0,ISERROR(AQ12)),AQ12,AP12) | AP12: =IF(ISERROR(UPPER(CONCATENATE($H$1,"-",AJ12,"-",AK12,"-",AL12,A12))),"",UPPER(CONCATENATE($H$1,"-",AJ12,"-",AK12,"-",AL12,A12)))
AC13: =(+X13*Y13*Z13)/1000000 -> 0 | AD13: =U13/W13 -> #DIV/0! | AE13: =+AC13*AD13 -> #DIV/0! | AF13: =+AA13*AD13 -> #DIV/0! | AG13: =+(AC13*1000000)/5000 -> 0 | AJ13: =VLOOKUP(AH13,'CODART PRODUCTO'!B:C,2,0) -> #N/A | AK13: =VLOOKUP(AI13,'CODART ORIGEN'!B:C,2,0) -> #N/A | AL13: =VLOOKUP(B13,'CODART RESPONSABLE'!B:C,2,0) -> #N/A | AM13: =IF(ISERROR(UPPER(CONCATENATE($H$1,"-",AJ13,"-",AK13,"-",AL13))),"",UPPER(CONCATENATE($H$1,"-",AJ13,"-",AK13,"-",AL13))) | AN13: =IF(AND(U13=U14,AQ13=AQ14),"VERIFICAR CANTIDADES COTIZADAS") -> VERIFICAR CANTIDADES COTIZADAS | AO13: =IF(OR(ISERROR(AP13),AQ13<>0,ISERROR(AQ13)),AQ13,AP13) | AP13: =IF(ISERROR(UPPER(CONCATENATE($H$1,"-",AJ13,"-",AK13,"-",AL13,A13))),"",UPPER(CONCATENATE($H$1,"-",AJ13,"-",AK13,"-",AL13,A13)))
AC14: =(+X14*Y14*Z14)/1000000 -> 0 | AD14: =U14/W14 -> #DIV/0! | AE14: =+AC14*AD14 -> #DIV/0! | AF14: =+AA14*AD14 -> #DIV/0! | AG14: =+(AC14*1000000)/5000 -> 0 | AJ14: =VLOOKUP(AH14,'CODART PRODUCTO'!B:C,2,0) -> #N/A | AK14: =VLOOKUP(AI14,'CODART ORIGEN'!B:C,2,0) -> #N/A | AL14: =VLOOKUP(B14,'CODART RESPONSABLE'!B:C,2,0) -> #N/A | AM14: =IF(ISERROR(UPPER(CONCATENATE($H$1,"-",AJ14,"-",AK14,"-",AL14))),"",UPPER(CONCATENATE($H$1,"-",AJ14,"-",AK14,"-",AL14))) | AN14: =IF(AND(U14=U15,AQ14=AQ15),"VERIFICAR CANTIDADES COTIZADAS") -> VERIFICAR CANTIDADES COTIZADAS | AO14: =IF(OR(ISERROR(AP14),AQ14<>0,ISERROR(AQ14)),AQ14,AP14) | AP14: =IF(ISERROR(UPPER(CONCATENATE($H$1,"-",AJ14,"-",AK14,"-",AL14,A14))),"",UPPER(CONCATENATE($H$1,"-",AJ14,"-",AK14,"-",AL14,A14)))
AC15: =(+X15*Y15*Z15)/1000000 -> 0 | AD15: =U15/W15 -> #DIV/0! | AE15: =+AC15*AD15 -> #DIV/0! | AF15: =+AA15*AD15 -> #DIV/0! | AG15: =+(AC15*1000000)/5000 -> 0 | AJ15: =VLOOKUP(AH15,'CODART PRODUCTO'!B:C,2,0) -> #N/A | AK15: =VLOOKUP(AI15,'CODART ORIGEN'!B:C,2,0) -> #N/A | AL15: =VLOOKUP(B15,'CODART RESPONSABLE'!B:C,2,0) -> #N/A | AM15: =IF(ISERROR(UPPER(CONCATENATE($H$1,"-",AJ15,"-",AK15,"-",AL15))),"",UPPER(CONCATENATE($H$1,"-",AJ15,"-",AK15,"-",AL15))) | AN15: =IF(AND(U15=U16,AQ15=AQ16),"VERIFICAR CANTIDADES COTIZADAS") -> VERIFICAR CANTIDADES COTIZADAS | AO15: =IF(OR(ISERROR(AP15),AQ15<>0,ISERROR(AQ15)),AQ15,AP15) | AP15: =IF(ISERROR(UPPER(CONCATENATE($H$1,"-",AJ15,"-",AK15,"-",AL15,A15))),"",UPPER(CONCATENATE($H$1,"-",AJ15,"-",AK15,"-",AL15,A15)))
AC16: =(+X16*Y16*Z16)/1000000 -> 0 | AD16: =U16/W16 -> #DIV/0! | AE16: =+AC16*AD16 -> #DIV/0! | AF16: =+AA16*AD16 -> #DIV/0! | AG16: =+(AC16*1000000)/5000 -> 0 | AJ16: =VLOOKUP(AH16,'CODART PRODUCTO'!B:C,2,0) -> #N/A | AK16: =VLOOKUP(AI16,'CODART ORIGEN'!B:C,2,0) -> #N/A | AL16: =VLOOKUP(B16,'CODART RESPONSABLE'!B:C,2,0) -> #N/A | AM16: =IF(ISERROR(UPPER(CONCATENATE($H$1,"-",AJ16,"-",AK16,"-",AL16))),"",UPPER(CONCATENATE($H$1,"-",AJ16,"-",AK16,"-",AL16))) | AN16: =IF(AND(U16=U17,AQ16=AQ17),"VERIFICAR CANTIDADES COTIZADAS") -> VERIFICAR CANTIDADES COTIZADAS | AO16: =IF(OR(ISERROR(AP16),AQ16<>0,ISERROR(AQ16)),AQ16,AP16) | AP16: =IF(ISERROR(UPPER(CONCATENATE($H$1,"-",AJ16,"-",AK16,"-",AL16,A16))),"",UPPER(CONCATENATE($H$1,"-",AJ16,"-",AK16,"-",AL16,A16)))
AC17: =(+X17*Y17*Z17)/1000000 -> 0 | AD17: =U17/W17 -> #DIV/0! | AE17: =+AC17*AD17 -> #DIV/0! | AF17: =+AA17*AD17 -> #DIV/0! | AG17: =+(AC17*1000000)/5000 -> 0 | AJ17: =VLOOKUP(AH17,'CODART PRODUCTO'!B:C,2,0) -> #N/A | AK17: =VLOOKUP(AI17,'CODART ORIGEN'!B:C,2,0) -> #N/A | AL17: =VLOOKUP(B17,'CODART RESPONSABLE'!B:C,2,0) -> #N/A | AM17: =IF(ISERROR(UPPER(CONCATENATE($H$1,"-",AJ17,"-",AK17,"-",AL17))),"",UPPER(CONCATENATE($H$1,"-",AJ17,"-",AK17,"-",AL17))) | AN17: =IF(AND(U17=U18,AQ17=AQ18),"VERIFICAR CANTIDADES COTIZADAS") -> VERIFICAR CANTIDADES COTIZADAS | AO17: =IF(OR(ISERROR(AP17),AQ17<>0,ISERROR(AQ17)),AQ17,AP17) | AP17: =IF(ISERROR(UPPER(CONCATENATE($H$1,"-",AJ17,"-",AK17,"-",AL17,A17))),"",UPPER(CONCATENATE($H$1,"-",AJ17,"-",AK17,"-",AL17,A17)))
AC18: =(+X18*Y18*Z18)/1000000 -> 0 | AD18: =U18/W18 -> #DIV/0! | AE18: =+AC18*AD18 -> #DIV/0! | AF18: =+AA18*AD18 -> #DIV/0! | AG18: =+(AC18*1000000)/5000 -> 0 | AJ18: =VLOOKUP(AH18,'CODART PRODUCTO'!B:C,2,0) -> #N/A | AK18: =VLOOKUP(AI18,'CODART ORIGEN'!B:C,2,0) -> #N/A | AL18: =VLOOKUP(B18,'CODART RESPONSABLE'!B:C,2,0) -> #N/A | AM18: =IF(ISERROR(UPPER(CONCATENATE($H$1,"-",AJ18,"-",AK18,"-",AL18))),"",UPPER(CONCATENATE($H$1,"-",AJ18,"-",AK18,"-",AL18))) | AN18: =IF(AND(U18=U19,AQ18=AQ19),"VERIFICAR CANTIDADES COTIZADAS") -> VERIFICAR CANTIDADES COTIZADAS | AO18: =IF(OR(ISERROR(AP18),AQ18<>0,ISERROR(AQ18)),AQ18,AP18) | AP18: =IF(ISERROR(UPPER(CONCATENATE($H$1,"-",AJ18,"-",AK18,"-",AL18,A18))),"",UPPER(CONCATENATE($H$1,"-",AJ18,"-",AK18,"-",AL18,A18)))
... AC48: =(+X48*Y48*Z48)/1000000 -> 0 | AD48: =U48/W48 -> #DIV/0! | AE48: =+AC48*AD48 -> #DIV/0! | AF48: =+AA48*AD48 -> #DIV/0! | AG48: =+(AC48*1000000)/5000 -> 0 | AJ48: =VLOOKUP(AH48,'CODART PRODUCTO'!B:C,2,0) -> #N/A | AK48: =VLOOKUP(AI48,'CODART ORIGEN'!B:C,2,0) -> #N/A | AL48: =VLOOKUP(B48,'CODART RESPONSABLE'!B:C,2,0) -> #N/A | AM48: =IF(ISERROR(UPPER(CONCATENATE($H$1,"-",AJ48,"-",AK48,"-",AL48))),"",UPPER(CONCATENATE($H$1,"-",AJ48,"-",AK48,"-",AL48))) | AN48: =IF(AND(U48=U49,AQ48=AQ49),"VERIFICAR CANTIDADES COTIZADAS") -> VERIFICAR CANTIDADES COTIZADAS | AO48: =IF(OR(ISERROR(AP48),AQ48<>0,ISERROR(AQ48)),AQ48,AP48) | AP48: =IF(ISERROR(UPPER(CONCATENATE($H$1,"-",AJ48,"-",AK48,"-",AL48,A48))),"",UPPER(CONCATENATE($H$1,"-",AJ48,"-",AK48,"-",AL48,A48)))

Sheet PRINT
A1: LOGO 1 COLOR 1 POSITION
A2: LOGO 1 COLOR 2 POSITION
A3: LOGO 1 COLOR 3 POSITIONS
A4: LOGO FULL COLOR 1 POSITION
A5: LOGO FULL COLOR 2 POSITION
A6: LOGO FULL COLOR 3 POSITION
A7: FULL PRINTING
A8: EMBROIDERY
A9: LASER
A10: BURN
A11: EMBOSSED
A12: OTHER
A13: NO LOGO

Sheet CERTIFICACIONES
A1: SGS
A2: FDA
A3: SEDEX
A4: BSCI
A5: OTHER
A6: NO

Sheet INCOTERM
A1: EXW
A2: FOB Shanghai
A3: FOB Shenzhen
A4: FOB Ningbo-Zhoushan
A5: FOB Hong Kong
A6: FOB Guangzhou
A7: FOB Qingdao
A8: FOB Tianjin
A9: FOB Dalian
A10: FOB Xiamen
A11: FOB Yingkou
A12: FOB Taizhou
A13: FOB Yantian

Sheet CODART PRODUCTO
A1: ORDEN | B1: PRODUCTO | C1: CODIGO PRODUCTO
A2: 1 | B2: ABANICO | C2: ABA
A3: 2 | B3: ABRIDOR | C3: ABR
A4: 3 | B4: ACCESORIOS | C4: ACC
A5: 4 | B5: ALARMA | C5: ALA
A6: 5 | B6: ALMOHADON | C6: ALM
A7: 6 | B7: ALTAVOZ | C7: ALT
A8: 7 | B8: AMPLIFICADOR DE TELÉFONO | C8: AMP
A9: 8 | B9: ARTÍCULOS DE OFICINA | C9: ART
A10: 9 | B10: AUDÍFONOS CON CAJA PLÁSTICA | C10: AUD
A11: 10 | B11: AURICULARES | C11: AUR
A12: 11 | B12: AZUCARERA | C12: AZU
A13: 12 | B13: BANDEJA ANTIADHERENTE | C13: BAD
... A178: 177 | B178: ARBOL DE NAVIDAD | C178: ADN

Sheet BORRADOR
A1: # | B1: Proveedor | C1: Detalles | D1: Fotos | E1: Producto | F1: Email | G1: Precio | H1: Comentario

Sheet CODART ORIGEN
B1: PAIS | C1: CODIGO
A2: 1 | B2: ARGENTINA | C2: AR
A3: 2 | B3: BAHAMAS | C3: BH
A4: 3 | B4: BRASIL | C4: BR
A5: 4 | B5: CHILE | C5: CH
A6: 5 | B6: CHINA | C6: CN
A7: 6 | B7: COLOMBIA | C7: CO
A8: 7 | B8: COSTA RICA | C8: CR
A9: 8 | B9: EL SALVADOR | C9: SV
A10: 9 | B10: ESPAÑA | C10: ESP
A11: 10 | B11: ESTADOS UNIDOS | C11: USA
A12: 11 | B12: GUATEMALA | C12: GT
A13: 12 | B13: GUYANA | C13: GUY
... A23: 22 | B23: VENEZUELA | C23: VE

Sheet CODART RESPONSABLE
B1: RESP | C1: CODIGO
A2: 1 | B2: MACHE | C2: M
A3: 2 | B3: CRIS | C3: C
A4: 3 | B4: GONZALO | C4: G
A5: 4 | B5: VICTOR | C5: V
A6: 5 | B6: ALE | C6: A
A7: 6 | B7: DIANA | C7: D
A8: 7
A9: 8
A10: 9

Sheet Hoja2
A2: CERTIFICATES | B2: LOGO DETAILS | C2: INCOTERM
A3: SGS | B3: LOGO 1 COLOR 1 POSITION | C3: EXW
A4: FDA | B4: LOGO 1 COLOR 2 POSITION | C4: FOB Shanghai
A5: SEDEX | B5: LOGO 1 COLOR 3 POSITIONS | C5: FOB Shenzhen
A6: BSCI | B6: LOGO FULL COLOR 1 POSITION | C6: FOB Ningbo-Zhoushan
A7: OTHER | B7: LOGO FULL COLOR 2 POSITION | C7: FOB Hong Kong
A8: NO | B8: LOGO FULL COLOR 3 POSITION | C8: FOB Guangzhou
B9: FULL PRINTING | C9: FOB Qingdao
B10: EMBROIDERY | C10: FOB Tianjin
B11: LASER | C11: FOB Dalian
B12: BURN | C12: FOB Xiamen
B13: EMBOSSED | C13: FOB Yingkou
B14: OTHER | C14: FOB Taizhou
B15: NO LOGO | C15: FOB Yantian
